{"mean": [6.602731380065717, 23.813996460346385, 74.25662405108734, 10.020152981247264, 66.01103504928807, 53.01400602409639, 42.01825027382257, 26.878479701624368, 37.516632438784505], "scale": [0.816961318125412, 8.92039651797539, 6.767494741113358, 2.998268743440891, 10.886571725988963, 8.812763610932508, 8.53769360590015, 25.74058380413126, 17.70292889807205]}